"Keyword","Intent","Position","SERP Features","Traffic","Traffic Percent","Volume","Keyword Difficulty","URL","Updated"
"little caesars menu with pictures and prices","T","11","5","8","44.44","8.1K","36","www.little-caesars-menus.us/blog/little-caesars-menu-prices","10 hours"
"little caesars menu with prices","N T","7","4","4","22.22","1.9K","26","www.little-caesars-menus.us/blog/little-caesars-menu-prices","Jun 30"
"little caesars cerca de mí","N","25","4","1","5.55","6.6K","31","www.little-caesars-menus.us/stores","Jul 10"
"little caesars cerca de mí","N","27","4","1","5.55","6.6K","31","www.little-caesars-menus.us/stores","Jul 10"
"little cesars menu","I T","30","3","1","5.55","1.9K","37","www.little-caesars-menus.us/","Jun 01"
"little caesars locations","I","18","5","1","5.55","3.6K","27","www.little-caesars-menus.us/stores","3 days"
"little caesars closest to me","C","14","5","1","5.55","2.4K","30","www.little-caesars-menus.us/stores","4 days"
"little caesars prices","N T","22","5","1","5.55","4.4K","37","www.little-caesars-menus.us/blog/little-caesars-menu-prices","19 hours"
"little ceasers wings","I","22","10","0","< 0.01","390","24","www.little-caesars-menus.us/item/hnrs-orcw","Jun 25"
"little caesars large pizza cost","I N","40","6","0","< 0.01","140","26","www.little-caesars-menus.us/blog/little-caesars-menu-prices","Jul 04"
"little caesars hot and ready pizza price","T","13","3","0","< 0.01","880","24","www.little-caesars-menus.us/blog/little-caesars-menu-prices","Jul 02"
"little caesars thin crust pepperoni nutrition","I","41","5","0","< 0.01","50","18","www.little-caesars-menus.us/item/emb-tpep","Jun 13"
"slices and sticks bacon","I","19","7","0","< 0.01","40","14","www.little-caesars-menus.us/item/hnr-us700484","1 day"
"what time little caesars close","C","26","4","0","< 0.01","2.4K","30","www.little-caesars-menus.us/blog/little-caesars-near-me-hours","4 days"
"little caesars how much is a pizza","I N","33","6","0","< 0.01","90","42","www.little-caesars-menus.us/blog/little-caesars-menu-prices","Jul 04"
"little caesars how much is a pizza","I N","36","6","0","< 0.01","90","42","www.little-caesars-menus.us/blog/little-caesars-menu-prices","Jul 04"
"little caesars how much is a pizza","I N","52","6","0","< 0.01","90","42","www.little-caesars-menus.us/blog/little-caesars-menu-prices","Jul 04"
"little caesars chicken wings","I","22","9","0","< 0.01","720","29","www.little-caesars-menus.us/item/hnrs-orcw","1 day"
"how much little caesars pizza cost","I N","18","5","0","< 0.01","40","24","www.little-caesars-menus.us/blog/little-caesars-menu-prices","Jul 07"
"where are little caesars located","C","38","7","0","< 0.01","70","63","www.little-caesars-menus.us/blog/little-caesars-near-me-hours","Jun 14"
"where are little caesars located","C","40","7","0","< 0.01","70","63","www.little-caesars-menus.us/blog/little-caesars-near-me-hours","Jun 14"
"little caesars pizza menu prices near me","N T","16","5","0","< 0.01","70","21","www.little-caesars-menus.us/","Jun 27"
"little caesar pizza nutrition","I","58","4","0","< 0.01","210","29","www.little-caesars-menus.us/nutrition","Jul 03"
"promo code for little caesars","T","92","5","0","< 0.01","3.6K","37","www.little-caesars-menus.us/deals","3 days"
"little caesars near me deals","T","9","5","0","< 0.01","40","32","www.little-caesars-menus.us/deals","1 day"
"little caesars nutritional chart","I","50","3","0","< 0.01","480","28","www.little-caesars-menus.us/nutrition","Jul 01"
"how much are the pizzas at little caesars","I N","33","4","0","< 0.01","110","37","www.little-caesars-menus.us/","Jun 06"
"little caesars what time do they open","N","31","4","0","< 0.01","50","39","www.little-caesars-menus.us/blog/little-caesars-near-me-hours","Jun 11"
"any promo codes for little caesars","T","91","6","0","< 0.01","40","21","www.little-caesars-menus.us/deals","1 day"
"calories in little caesars crazy puffs","I","34","6","0","< 0.01","50","19","www.little-caesars-menus.us/item/hnr-us700489","Jul 05"
"little caesars closest to my location","N T","17","3","0","< 0.01","140","26","www.little-caesars-menus.us/stores","Jul 02"
"where are the most little caesars located","I","44","4","0","< 0.01","170","24","www.little-caesars-menus.us/stores","Jul 04"
"where are the most little caesars located","I","60","4","0","< 0.01","170","24","www.little-caesars-menus.us/blog/little-caesars-near-me-hours","Jul 04"
"what times does little caesars open","N","14","6","0","< 0.01","40","25","www.little-caesars-menus.us/stores","1 day"
"little caesars detroit style slices n stix calories","I","36","5","0","< 0.01","90","21","www.little-caesars-menus.us/item/hnr-us700481dp","Jun 26"
"little caesars menu with price","N","35","2","0","< 0.01","140","39","www.little-caesars-menus.us/","Jun 02"
"caesar wings","I","20","8","0","< 0.01","480","19","www.little-caesars-menus.us/item/hnrs-orcw","Jun 28"
"where's the closest little caesars","N","18","4","0","< 0.01","260","27","www.little-caesars-menus.us/stores","Jul 08"
"pizza deals at little caesars","I N","56","6","0","< 0.01","210","28","www.little-caesars-menus.us/deals","Jul 08"
"little scissors near me","N T","22","5","0","< 0.01","90","31","www.little-caesars-menus.us/stores","Jul 04"
"chicken wings at little caesars","I","18","9","0","< 0.01","40","21","www.little-caesars-menus.us/item/hnrs-orcw","3 days"
"calories in extra most bestest pizza","I","49","5","0","< 0.01","90","11","www.little-caesars-menus.us/item/emb-pep","Jul 07"
"how many calories in a whole little caesars pizza","I","66","4","0","< 0.01","70","26","www.little-caesars-menus.us/nutrition","Jul 05"
"where is the closest little caesars","I","17","5","0","< 0.01","320","31","www.little-caesars-menus.us/blog/little-caesars-near-me-hours","Jun 24"
"is little caesars open near me","T","20","5","0","< 0.01","170","26","www.little-caesars-menus.us/stores","Jul 02"
"lil caesar deals","I T","39","6","0","< 0.01","50","35","www.little-caesars-menus.us/deals","6 hours"
"little caesars open near me","N T","20","4","0","< 0.01","480","35","www.little-caesars-menus.us/stores","Jul 02"
"little caesars today deals","N T","37","5","0","< 0.01","140","42","www.little-caesars-menus.us/deals","Jul 10"
"sodium in little caesars pizza","I","60","5","0","< 0.01","40","16","www.little-caesars-menus.us/nutrition","Jun 14"
"sodium in little caesars pizza","I","68","5","0","< 0.01","40","16","www.little-caesars-menus.us/nutrition","Jun 14"
"little caesars pizza menu with prices","N","17","5","0","< 0.01","260","23","www.little-caesars-menus.us/blog/little-caesars-menu-prices","Jul 07"
"prices little caesars","I","28","3","0","< 0.01","720","33","www.little-caesars-menus.us/","May 29"
"little caesars calorie","I","48","4","0","< 0.01","320","29","www.little-caesars-menus.us/nutrition","Jul 01"
"little caesars pizza deals","I N","31","5","0","< 0.01","5.4K","27","www.little-caesars-menus.us/deals","1 day"
"the most little caesars in us states","I","75","5","0","< 0.01","50","21","www.little-caesars-menus.us/blog/little-caesars-near-me-hours","Jun 17"
"little caesars store finder","N","10","4","0","< 0.01","260","24","www.little-caesars-menus.us/blog/little-caesars-near-me-hours","Jun 15"
"aque horas cierran la little caesars","I","26","4","0","< 0.01","40","21","www.little-caesars-menus.us/stores","9 hours"
"how much is one pizza from little caesars","I N","21","5","0","< 0.01","90","23","www.little-caesars-menus.us/blog/little-caesars-menu-prices","Jul 05"
"menu for little caesars pizza with prices","T","34","5","0","< 0.01","140","46","little-caesars-menus.us/","Jul 10"
"how much does pizza cost at little caesars","I N","22","5","0","< 0.01","110","32","www.little-caesars-menus.us/blog/little-caesars-menu-prices","Jul 04"
"how much is the lunch combo at little caesars","I","62","7","0","< 0.01","90","21","www.little-caesars-menus.us/","Jun 13"
"what states have little caesars","I","54","6","0","< 0.01","40","38","www.little-caesars-menus.us/blog/little-caesars-near-me-hours","Jun 12"
"when does little caesars open near me","N T","18","5","0","< 0.01","70","27","www.little-caesars-menus.us/blog/little-caesars-near-me-hours","Jun 14"
"when does little caesars open near me","N T","19","5","0","< 0.01","70","27","www.little-caesars-menus.us/blog/little-caesars-near-me-hours","Jun 14"
"little caesars number of stores","I","59","7","0","< 0.01","50","53","www.little-caesars-menus.us/blog/little-caesars-near-me-hours","Jun 23"
"little caesars number of stores","I","60","7","0","< 0.01","50","53","www.little-caesars-menus.us/blog/little-caesars-near-me-hours","Jun 23"
"little caesars ranch calories","I","49","4","0","< 0.01","50","23","www.little-caesars-menus.us/nutrition","Jun 21"
"nutrition facts little caesars","I","50","4","0","< 0.01","390","24","www.little-caesars-menus.us/nutrition","Jun 28"
"little caesars nutritional info","I","52","4","0","< 0.01","210","22","www.little-caesars-menus.us/nutrition","Jul 03"
"calories of little caesars pizza","I","66","5","0","< 0.01","480","25","www.little-caesars-menus.us/nutrition","Jun 13"
"where is a little caesars near me","T","16","5","0","< 0.01","90","25","www.little-caesars-menus.us/stores","Jul 10"
"take me to the nearest little caesars","I","26","4","0","< 0.01","90","22","www.little-caesars-menus.us/stores","Jul 10"
"cheese jalapeño little caesars","I","29","9","0","< 0.01","40","15","www.little-caesars-menus.us/item/side-cjcd","Jul 06"
"where is the nearest little caesars to me","T","16","4","0","< 0.01","50","24","www.little-caesars-menus.us/blog/little-caesars-near-me-hours","Jun 16"
"how many calories in a little caesars breadstick","I","57","4","0","< 0.01","50","27","www.little-caesars-menus.us/item/hnr-us700484","Jul 10"
"little ceasers deals","N","41","5","0","< 0.01","1.9K","31","www.little-caesars-menus.us/deals","14 hours"
"little caesars pizza allegan menu","N T","28","5","0","< 0.01","40","29","www.little-caesars-menus.us/menu","10 hours"
"closest little caesars by me","C","14","5","0","< 0.01","140","30","www.little-caesars-menus.us/blog/little-caesars-near-me-hours","18 hours"
"closest little caesars by me","C","17","5","0","< 0.01","140","30","www.little-caesars-menus.us/stores","18 hours"
"ingredients little caesars pizza","I","61","5","0","< 0.01","210","27","www.little-caesars-menus.us/nutrition","Jul 05"
"take me to little caesars","I","27","4","0","< 0.01","170","28","www.little-caesars-menus.us/stores","Jul 05"
"little ceasar pizza deals","I T","41","5","0","< 0.01","50","35","www.little-caesars-menus.us/deals","3 days"
"little caesars allergen menu","I T","37","4","0","< 0.01","720","32","www.little-caesars-menus.us/nutrition","Jul 03"
"pizza little caesars menu","N","19","5","0","< 0.01","320","44","www.little-caesars-menus.us/","Jul 02"
"pizza little caesars menu","N","28","5","0","< 0.01","320","44","www.little-caesars-menus.us/","Jul 02"
"little caesars nutrition","I","49","4","0","< 0.01","3.6K","24","www.little-caesars-menus.us/nutrition","Jul 10"
"little caesars nutrition","I","50","4","0","< 0.01","3.6K","24","www.little-caesars-menus.us/nutrition","Jul 10"
"caeser wings","I","20","8","0","< 0.01","40","19","www.little-caesars-menus.us/item/hnrs-orcw","Jun 28"
"how much does little caesars cost","I N","24","5","0","< 0.01","320","26","www.little-caesars-menus.us/blog/little-caesars-menu-prices","Jul 11"
"how many little caesars are there in the us","I","58","5","0","< 0.01","90","32","www.little-caesars-menus.us/blog/little-caesars-near-me-hours","Jun 26"
"how many little caesars are there in the us","I","79","5","0","< 0.01","90","32","www.little-caesars-menus.us/stores","Jun 26"
"nearest little caesars to my location","T","17","4","0","< 0.01","140","26","www.little-caesars-menus.us/stores","Jul 09"
"little cesears deals","N T","38","4","0","< 0.01","40","26","www.little-caesars-menus.us/deals","3 days"
"little cesears deals","N T","56","4","0","< 0.01","40","26","www.little-caesars-menus.us/deals","3 days"
"little cesears deals","N T","57","4","0","< 0.01","40","26","www.little-caesars-menus.us/deals","3 days"
"where is little caesars located","C","52","4","0","< 0.01","70","51","www.little-caesars-menus.us/blog/little-caesars-near-me-hours","Jun 14"
"little caesars m&m brownies","I","19","9","0","< 0.01","110","15","www.little-caesars-menus.us/item/hnrs-cdbmm","Jul 04"
"little caesar nutrition","N","65","4","0","< 0.01","320","35","www.little-caesars-menus.us/nutrition","1 day"
"little.caesars promo","N T","77","4","0","< 0.01","40","40","www.little-caesars-menus.us/deals","Jul 07"
"una little caesars cerca de mí","N","25","4","0","< 0.01","70","25","www.little-caesars-menus.us/stores","1 day"
"una little caesars cerca de mí","N","34","4","0","< 0.01","70","25","www.little-caesars-menus.us/stores","1 day"
"una little caesars cerca de mí","N","41","4","0","< 0.01","70","25","www.little-caesars-menus.us/blog/little-caesars-near-me-hours","1 day"
"takeout little caesars menu with prices","N","22","4","0","< 0.01","1.6K","43","www.little-caesars-menus.us/","Jun 10"
"takeout little caesars menu with prices","N","32","4","0","< 0.01","1.6K","43","www.little-caesars-menus.us/","Jun 10"
"little caesars pizza deals today","I T","26","5","0","< 0.01","210","36","www.little-caesars-menus.us/deals","Jul 08"
"little caesars pizza deals today","I T","28","5","0","< 0.01","210","36","www.little-caesars-menus.us/deals","Jul 08"
"little caesars specials coupons","T","69","5","0","< 0.01","40","n/a","www.little-caesars-menus.us/deals","1 day"
"menu for little caesars pizza","I T","21","6","0","< 0.01","390","34","www.little-caesars-menus.us/","Jun 18"
"little caesars menu 2025 with prices near me","N T","23","5","0","< 0.01","70","40","www.little-caesars-menus.us/","Jun 11"
"where are the most little caesars","I","58","5","0","< 0.01","260","31","www.little-caesars-menus.us/blog/little-caesars-near-me-hours","Jul 08"
"where are the most little caesars","I","60","5","0","< 0.01","260","31","www.little-caesars-menus.us/blog/little-caesars-near-me-hours","Jul 08"
"where are the most little caesars","I","83","5","0","< 0.01","260","31","www.little-caesars-menus.us/blog/little-caesars-near-me-hours","Jul 08"
"where are the most little caesars","I","89","5","0","< 0.01","260","31","www.little-caesars-menus.us/stores","Jul 08"
"price menu for little caesars","N","38","4","0","< 0.01","210","29","www.little-caesars-menus.us/","Jun 08"
"how long is little caesars open","I","18","6","0","< 0.01","140","33","www.little-caesars-menus.us/blog/little-caesars-near-me-hours","Jun 23"
"little caesars pizza prices and menu","N","17","5","0","< 0.01","590","28","www.little-caesars-menus.us/blog/little-caesars-menu-prices","Jul 06"
"little caesars number of locations","I","52","5","0","< 0.01","50","40","www.little-caesars-menus.us/blog/little-caesars-near-me-hours","Jun 23"
"pepperoni puffs little caesars calories","I","23","5","0","< 0.01","40","24","www.little-caesars-menus.us/nutrition/hnr-us700491","Jun 12"
"little caesars menu 2025","N","15","5","0","< 0.01","880","21","www.little-caesars-menus.us/","Jun 07"
"little caesars offer","N T","56","6","0","< 0.01","90","36","www.little-caesars-menus.us/deals","Jul 08"
"little caesars wings nutrition","I","42","4","0","< 0.01","90","23","www.little-caesars-menus.us/item/hnrs-orcw","Jun 19"
"little ceazers menu","N T","30","4","0","< 0.01","50","44","www.little-caesars-menus.us/","May 28"
"little caesars near me open now menu","T","7","5","0","< 0.01","40","17","www.little-caesars-menus.us/stores","Jun 26"
"calories in little caesars thin crust pepperoni pizza","I","34","5","0","< 0.01","50","18","www.little-caesars-menus.us/item/emb-tpep","Jun 28"
"little caesars personal pizza price","N","14","5","0","< 0.01","50","29","www.little-caesars-menus.us/blog/little-caesars-menu-prices","Jul 05"
"little caesars cookie dough brownies","I","34","8","0","< 0.01","170","23","www.little-caesars-menus.us/item/hnrs-cdbmm","13 hours"
"little caesars close to my location","N T","17","4","0","< 0.01","110","32","www.little-caesars-menus.us/stores","Jul 05"
"menu for little caesars with prices","N T","10","3","0","< 0.01","40","22","www.little-caesars-menus.us/blog/little-caesars-menu-prices","Jun 28"
"little caesars from my location","I","24","3","0","< 0.01","70","20","www.little-caesars-menus.us/blog/little-caesars-near-me-hours","Jul 05"
"how much sodium in little caesars pizza","I","68","6","0","< 0.01","50","19","www.little-caesars-menus.us/nutrition","Jun 12"
"little caesars menu 2024","I T","21","5","0","< 0.01","480","45","www.little-caesars-menus.us/","Jun 14"
"what time does little caesars close today","I","10","5","0","< 0.01","390","27","www.little-caesars-menus.us/stores","Jun 24"
"driving directions to little caesars near me","I T","45","4","0","< 0.01","140","21","www.little-caesars-menus.us/stores","Jul 06"
"little caesers nutrition","I","48","3","0","< 0.01","40","20","www.little-caesars-menus.us/nutrition","Jul 03"
"little caesers nutrition","I","50","3","0","< 0.01","40","20","www.little-caesars-menus.us/nutrition","Jul 03"
"little caesars specials","I T","31","6","0","< 0.01","4.4K","32","www.little-caesars-menus.us/deals","4 days"
"little caesars crazy bread nutrition","I","39","5","0","< 0.01","210","20","www.little-caesars-menus.us/nutrition/hnr-us700484","Jul 05"
"slices n stix calories","I","15","5","0","< 0.01","70","10","www.little-caesars-menus.us/nutrition/hnr-us700481dp","Jun 13"
"slices n stix calories","I","39","5","0","< 0.01","70","10","www.little-caesars-menus.us/item/hnr-us700481p","Jun 13"
"slices n stix calories","I","55","5","0","< 0.01","70","10","www.little-caesars-menus.us/item/hnr-us700484","Jun 13"
"three meat treat little caesars","I","37","7","0","< 0.01","40","25","www.little-caesars-menus.us/item/emb-3mt","3 days"
"what is little caesars hours","I","27","5","0","< 0.01","90","26","www.little-caesars-menus.us/blog/little-caesars-near-me-hours","Jun 14"
"what time does little ceasers open","I","25","3","0","< 0.01","320","39","www.little-caesars-menus.us/blog/little-caesars-near-me-hours","Jun 18"
"current little caesars deals","I N","39","5","0","< 0.01","50","27","www.little-caesars-menus.us/deals","3 days"
"current little caesars deals","I N","59","5","0","< 0.01","50","27","www.little-caesars-menus.us/deals","3 days"
"little caesars specials menu","I N","18","3","0","< 0.01","50","29","little-caesars-menus.us/","Jul 07"
"little caesars specials menu","I N","25","3","0","< 0.01","50","29","www.little-caesars-menus.us/deals","Jul 07"
"lil caesars calories","I","48","4","0","< 0.01","170","32","www.little-caesars-menus.us/nutrition","Jul 11"
"lil caesars calories","I","56","4","0","< 0.01","170","32","www.little-caesars-menus.us/blog","Jul 11"
"little caesars hot and ready menu with prices","N","64","7","0","< 0.01","260","22","www.little-caesars-menus.us/","Jun 12"
"little caesar pizza price","N","36","6","0","< 0.01","260","34","www.little-caesars-menus.us/blog/little-caesars-menu-prices","Jul 02"
"little caesars special menu","I T","21","6","0","< 0.01","40","33","www.little-caesars-menus.us/","May 30"
"little caesars nutrition pdf","I","54","2","0","< 0.01","90","21","www.little-caesars-menus.us/nutrition","Jun 16"
"little caesars slices n stix calories","I","22","5","0","< 0.01","70","n/a","www.little-caesars-menus.us/item/hnr-us700481p","Jul 04"
"oven roasted wings little caesars","I","31","8","0","< 0.01","70","19","www.little-caesars-menus.us/item/hnrs-orcw","Jun 20"
"little caesars nutritional facts","I","50","3","0","< 0.01","50","26","www.little-caesars-menus.us/nutrition","Jun 10"
"nutrition for little caesars pizza","I","65","4","0","< 0.01","590","32","www.little-caesars-menus.us/nutrition","Jul 02"
"little caesars discounts","I T","73","4","0","< 0.01","260","37","www.little-caesars-menus.us/deals","Jul 11"
"little caesars nutrition info","I","54","2","0","< 0.01","590","33","www.little-caesars-menus.us/nutrition","Jun 18"
"little caesars deals","N","40","5","0","< 0.01","12.1K","45","www.little-caesars-menus.us/deals","Jul 11"
"where is there a little caesars near me","T","12","3","0","< 0.01","50","30","www.little-caesars-menus.us/stores","Jun 27"
"little caesar dips","I","43","6","0","< 0.01","70","23","www.little-caesars-menus.us/item/side-cjcd","Jul 05"
"find a little caesars near me","N T","15","5","0","< 0.01","70","25","www.little-caesars-menus.us/stores","Jul 07"
"ceasar wings","I","19","9","0","< 0.01","40","18","www.little-caesars-menus.us/item/hnrs-orcw","Jul 04"
"is there a little caesars near me","T","13","5","0","< 0.01","390","32","www.little-caesars-menus.us/stores","Jun 28"
"little ceasars pizza cost","I N","37","5","0","< 0.01","390","38","www.little-caesars-menus.us/blog/little-caesars-menu-prices","Jul 01"
"little caesars crazy puffs nutrition","I","29","7","0","< 0.01","140","19","www.little-caesars-menus.us/nutrition/hnr-us700491","Jun 13"
"oven roasted caesar wings","I","12","8","0","< 0.01","40","12","www.little-caesars-menus.us/item/hnrs-orcw","2 days"
"oven roasted caesar wings","I","29","8","0","< 0.01","40","12","www.little-caesars-menus.us/item/hnrs-orcw","2 days"
"detroit style slices n stix calories","I","53","5","0","< 0.01","110","14","www.little-caesars-menus.us/nutrition/hnr-us700482","2 days"
"little caesars lindsay and warner","I","66","6","0","< 0.01","40","26","www.little-caesars-menus.us/blog/little-caesars-near-me-hours","1 day"
"little caesars lindsay and warner","I","85","6","0","< 0.01","40","26","www.little-caesars-menus.us/blog/little-caesars-near-me-hours","1 day"
"prices at little caesars pizza","N","52","8","0","< 0.01","40","42","www.little-caesars-menus.us/menu","3 days"
"how much calories does little caesars pizza have","I","59","4","0","< 0.01","70","30","www.little-caesars-menus.us/nutrition","Jul 05"
"little.caesars deals","N T","40","5","0","< 0.01","50","23","www.little-caesars-menus.us/deals","2 days"
"specials little caesars pizza","N T","28","6","0","< 0.01","110","23","www.little-caesars-menus.us/deals","Jul 11"
"little caesars lunch deals","I N","35","6","0","< 0.01","70","22","www.little-caesars-menus.us/deals","Jul 05"
"little caesars pizza prices menu","N","29","5","0","< 0.01","40","21","www.little-caesars-menus.us/blog/little-caesars-menu-prices","Jun 28"
"little caesars menu 2024 prices","T","41","6","0","< 0.01","50","44","www.little-caesars-menus.us/blog/little-caesars-menu-prices","Jul 06"
"little caesars specials for today","I N","34","5","0","< 0.01","40","n/a","www.little-caesars-menus.us/deals","3 days"
"little caesars serca de mi","N","19","4","0","< 0.01","40","25","www.little-caesars-menus.us/stores","1 day"
"little caesars serca de mi","N","26","4","0","< 0.01","40","25","www.little-caesars-menus.us/blog/little-caesars-near-me-hours","1 day"
"little caesars serca de mi","N","27","4","0","< 0.01","40","25","www.little-caesars-menus.us/blog/little-caesars-near-me-hours","1 day"
"pizza prices at little caesars","N","15","4","0","< 0.01","40","10","www.little-caesars-menus.us/blog/little-caesars-menu-prices","Jun 28"
"little cesar price","N","41","8","0","< 0.01","70","45","www.little-caesars-menus.us/blog/little-caesars-menu-prices","Jul 04"
"little caesars bundle deals","I N","33","5","0","< 0.01","40","31","www.little-caesars-menus.us/deals","1 day"
"little caesars calexico menu","N T","19","4","0","< 0.01","50","28","www.little-caesars-menus.us/","Jun 19"
"little caesars calories","I","43","5","0","< 0.01","4.4K","35","www.little-caesars-menus.us/nutrition","15 hours"
"little little caesars near me","N T","18","4","0","< 0.01","140","26","www.little-caesars-menus.us/stores","Jul 02"
"retailmenot little caesars","N T","79","3","0","< 0.01","140","47","www.little-caesars-menus.us/deals","Jul 05"
"little caesars nearest to me","N T","10","4","0","< 0.01","70","26","www.little-caesars-menus.us/stores","Jun 24"
"little caesars menu nutrition","I","19","3","0","< 0.01","210","34","www.little-caesars-menus.us/nutrition","Jul 02"
"little caesars menu nutrition","I","24","3","0","< 0.01","210","34","www.little-caesars-menus.us/nutrition","Jul 02"
"little ceasats menu","N T","34","3","0","< 0.01","110","47","www.little-caesars-menus.us/","May 29"
"slices n stix bacon little caesars","I T","17","6","0","< 0.01","50","19","www.little-caesars-menus.us/item/hnr-us700484","Jun 26"
"closest little caesars to this location","C","16","4","0","< 0.01","40","30","www.little-caesars-menus.us/stores","Jun 23"
"little cesars menue","N","22","4","0","< 0.01","50","22","www.little-caesars-menus.us/","Jun 08"
"menu little caesars","I N","21","5","0","< 0.01","720","42","www.little-caesars-menus.us/","Jun 13"
"little ceasars specials","I T","27","6","0","< 0.01","390","35","www.little-caesars-menus.us/deals","Jul 04"
"little caesars cookie dough brownie","I","20","8","0","< 0.01","880","24","www.little-caesars-menus.us/item/hnrs-cdbmm","Jul 06"
"any little caesars promo codes","T","81","6","0","< 0.01","40","33","www.little-caesars-menus.us/deals","1 day"
"cheese pizza little caesars price","N T","41","6","0","< 0.01","260","40","www.little-caesars-menus.us/blog/little-caesars-menu-prices","Jul 07"
"little caesar breadstick calories","I","61","5","0","< 0.01","40","18","www.little-caesars-menus.us/nutrition/hnr-us700483","Jun 25"
"little caesars menu prices with pictures","T","11","4","0","< 0.01","50","22","www.little-caesars-menus.us/blog/little-caesars-menu-prices","Jul 09"
"little caesars menu prices with pictures","T","12","4","0","< 0.01","50","22","www.little-caesars-menus.us/blog/little-caesars-menu-prices","Jul 09"
"little caesars menu prices with pictures","T","20","4","0","< 0.01","50","22","little-caesars-menus.us/","Jul 09"
"little caesars menu prices with pictures","T","28","4","0","< 0.01","50","22","www.little-caesars-menus.us/menu","Jul 09"
"little caesars sodium","I","55","5","0","< 0.01","70","24","www.little-caesars-menus.us/nutrition","Jun 19"
"little caesars pizza menu prices","T","30","4","0","< 0.01","1.9K","37","www.little-caesars-menus.us/","May 31"
"little caesars deep dish price","N","49","6","0","< 0.01","320","24","www.little-caesars-menus.us/blog/little-caesars-menu-prices","22 hours"
"little caesars menú precios","I","39","6","0","< 0.01","90","36","www.little-caesars-menus.us/blog/little-caesars-menu-prices","Jul 07"
"how much is lil ceaser pizza","I N","56","5","0","< 0.01","40","40","www.little-caesars-menus.us/blog/little-caesars-menu-prices","Jul 01"
"little caesars within 5 mi","N","25","4","0","< 0.01","390","27","www.little-caesars-menus.us/stores","Jul 02"
"little caesars deals menu with prices","N","25","5","0","< 0.01","320","43","www.little-caesars-menus.us/","Jun 19"
"little caesars pizza texas city menu","I","34","5","0","< 0.01","40","24","www.little-caesars-menus.us/","Jul 04"
"little caesars menu deals","I","30","7","0","< 0.01","260","42","www.little-caesars-menus.us/deals","Jul 08"
"little caesars pizza garden city menu","N","32","4","0","< 0.01","40","29","www.little-caesars-menus.us/menu","Jul 06"
"location of little caesars near me","T","16","4","0","< 0.01","110","28","www.little-caesars-menus.us/blog/little-caesars-near-me-hours","Jun 20"
"what's the closest little caesars to me","I","13","5","0","< 0.01","40","n/a","www.little-caesars-menus.us/blog/little-caesars-near-me-hours","23 hours"
"open little caesars near me","T","26","5","0","< 0.01","170","27","www.little-caesars-menus.us/stores","Jul 03"
"little caesars sticks and slices calories","I","20","4","0","< 0.01","50","20","www.little-caesars-menus.us/nutrition/hnr-us700482","Jul 10"
"little caesars sticks and slices calories","I","33","4","0","< 0.01","50","20","www.little-caesars-menus.us/nutrition/hnr-us700481md","Jul 10"
"little caesars sticks and slices calories","I","37","4","0","< 0.01","50","20","www.little-caesars-menus.us/item/emb-sns","Jul 10"
"little caesars pizza maricopa menu","N T","24","6","0","< 0.01","40","26","www.little-caesars-menus.us/","Jun 25"
"when does little caesars open","N","21","5","0","< 0.01","1.9K","29","www.little-caesars-menus.us/stores","16 hours"
"is little ceasers open today","C","17","5","0","< 0.01","40","25","www.little-caesars-menus.us/stores","3 days"
"is little ceasers open today","C","30","5","0","< 0.01","40","25","www.little-caesars-menus.us/stores","3 days"
"little caesars hours of business","N","47","4","0","< 0.01","210","27","www.little-caesars-menus.us/stores","Jul 07"
"little caesars pizza deals right now","I N","54","6","0","< 0.01","40","n/a","www.little-caesars-menus.us/deals","3 days"
"caesars pizza deals","I","34","5","0","< 0.01","3.6K","36","www.little-caesars-menus.us/deals","Jul 09"
"what time is little caesars close","C","18","4","0","< 0.01","70","25","www.little-caesars-menus.us/blog/little-caesars-near-me-hours","Jun 27"
"store hours for little caesars","N","14","4","0","< 0.01","90","26","www.little-caesars-menus.us/blog/little-caesars-near-me-hours","4 days"
"store hours for little caesars","N","19","4","0","< 0.01","90","26","www.little-caesars-menus.us/stores","4 days"
"little caesar calories","I","56","6","0","< 0.01","170","35","www.little-caesars-menus.us/nutrition","Jun 14"
"what times does little caesars close","N","18","6","0","< 0.01","140","28","www.little-caesars-menus.us/blog/little-caesars-near-me-hours","Jun 14"
"slices and sticks bacon little caesars","I","27","7","0","< 0.01","40","21","www.little-caesars-menus.us/item/hnr-us700484","1 day"
"little ceasars nutrition facts","I","54","4","0","< 0.01","40","23","www.little-caesars-menus.us/nutrition","Jun 24"
"little caesars menus","I T","28","3","0","< 0.01","480","36","www.little-caesars-menus.us/","May 28"
"little caesars menus","I T","30","3","0","< 0.01","480","36","www.little-caesars-menus.us/","May 28"
"little caesars specials today near me","N T","22","7","0","< 0.01","70","25","www.little-caesars-menus.us/deals","Jul 05"
"little caesars specials today near me","N T","35","7","0","< 0.01","70","25","little-caesars-menus.us/","Jul 05"
"little cesars calories","I","49","4","0","< 0.01","90","27","www.little-caesars-menus.us/nutrition","Jun 24"
"little caesars nutrition facts","I","47","4","0","< 0.01","2.4K","28","www.little-caesars-menus.us/nutrition","3 days"
"little caesars nutrition facts","I","48","4","0","< 0.01","2.4K","28","www.little-caesars-menus.us/nutrition","3 days"
"little caesars nutrition facts pizza","I","56","4","0","< 0.01","1.3K","36","www.little-caesars-menus.us/nutrition","Jun 15"
"little ceasers menus","I T","32","3","0","< 0.01","170","21","www.little-caesars-menus.us/","Jul 01"
"what time little caesars close near me","N T","32","4","0","< 0.01","90","28","www.little-caesars-menus.us/stores","Jul 04"
"what specials do little caesars have","I N","35","5","0","< 0.01","40","41","www.little-caesars-menus.us/deals","1 day"
"little caesars pizza owosso menu","I","38","5","0","< 0.01","110","26","www.little-caesars-menus.us/menu","Jul 07"
"little caesars menu 2025 with prices","N","17","5","0","< 0.01","110","41","www.little-caesars-menus.us/","Jun 28"
"little caesars menu 2025 with prices","N","21","5","0","< 0.01","110","41","www.little-caesars-menus.us/blog/little-caesars-menu-prices","Jun 28"
"little caesars crazy bread nutrition facts","I","40","5","0","< 0.01","70","25","www.little-caesars-menus.us/nutrition/hnr-us700482","7 hours"
"little caesars nearby near me","N T","14","3","0","< 0.01","90","31","www.little-caesars-menus.us/stores","Jun 24"
"how much for a little caesars pizza","I N","16","4","0","< 0.01","210","30","www.little-caesars-menus.us/blog/little-caesars-menu-prices","Jul 07"
"little ceaser pizza deals","I T","41","5","0","< 0.01","720","38","www.little-caesars-menus.us/deals","1 day"
"little caesars coupons 2025","I T","72","5","0","< 0.01","1K","44","www.little-caesars-menus.us/deals","1 day"
"what time does little caesars open up","I","37","5","0","< 0.01","140","26","www.little-caesars-menus.us/stores","Jul 10"
"little caesars in the area","N","19","5","0","< 0.01","70","26","www.little-caesars-menus.us/blog/little-caesars-near-me-hours","Jul 05"
"little caesars in the area","N","31","5","0","< 0.01","70","26","www.little-caesars-menus.us/stores","Jul 05"
"the nearest little caesars to my location","T","18","4","0","< 0.01","70","25","www.little-caesars-menus.us/blog/little-caesars-near-me-hours","Jun 15"
"nutritional value little caesars pizza","I","66","4","0","< 0.01","140","27","www.little-caesars-menus.us/nutrition","Jun 29"
"how much is little ceasers","I N","79","5","0","< 0.01","50","23","www.little-caesars-menus.us/","Jun 08"
"discounts for little caesars","I T","81","4","0","< 0.01","590","36","www.little-caesars-menus.us/deals","Jul 06"
"how much is two little caesars pizzas","I N","22","5","0","< 0.01","40","22","www.little-caesars-menus.us/blog/little-caesars-menu-prices","1 day"
"little caesars allergy","I","24","5","0","< 0.01","70","30","www.little-caesars-menus.us/nutrition","Jun 27"
"little caesars allergy","I","30","5","0","< 0.01","70","30","www.little-caesars-menus.us/nutrition","Jun 27"
"how much is little caesars pizza","I N","39","5","0","< 0.01","3.6K","27","www.little-caesars-menus.us/blog/little-caesars-menu-prices","2 days"
"crazy puffs calories","I","27","5","0","< 0.01","390","17","www.little-caesars-menus.us/nutrition/hnr-us700489","3 days"
"little caesars promociones","I T","19","6","0","< 0.01","40","33","www.little-caesars-menus.us/deals","3 days"
"little caesars coupons for crazy bread","I T","61","7","0","< 0.01","90","27","www.little-caesars-menus.us/deals","Jul 07"
"calories little caesars","I","49","4","0","< 0.01","390","22","www.little-caesars-menus.us/nutrition","Jun 28"
"what time does little caesars close near me","T","20","5","0","< 0.01","390","29","www.little-caesars-menus.us/blog/little-caesars-near-me-hours","Jul 05"
"what time does little caesars close near me","T","31","5","0","< 0.01","390","29","www.little-caesars-menus.us/stores","Jul 05"
"little caesars menu with pictures and prices 2025","T","27","5","0","< 0.01","90","45","www.little-caesars-menus.us/","Jul 01"
"little caesars menu with pictures and prices 2025","T","33","5","0","< 0.01","90","45","www.little-caesars-menus.us/blog/little-caesars-menu-prices","Jul 01"
"promo codes for little caesars 2026","T","93","5","0","< 0.01","90","37","www.little-caesars-menus.us/deals","Jul 07"
"little caesar 2 for 10","I","44","7","0","< 0.01","50","25","www.little-caesars-menus.us/deals","Jul 05"
"little caesars calorie menu","I","33","3","0","< 0.01","90","30","www.little-caesars-menus.us/nutrition","Jul 04"
"little casars menu","N T","36","3","0","< 0.01","140","41","www.little-caesars-menus.us/","May 28"
"little caesars pizza macomb menu","I","32","4","0","< 0.01","90","22","www.little-caesars-menus.us/menu","Jul 07"
"little caesars what time do they close","C","25","5","0","< 0.01","140","26","www.little-caesars-menus.us/stores","Jul 03"
"little ceasers special","I N","37","7","0","< 0.01","40","22","www.little-caesars-menus.us/deals","3 days"
"little caesars current specials","I N","52","5","0","< 0.01","50","33","www.little-caesars-menus.us/deals","3 days"
"little caesars pizza carthage menu","I","43","3","0","< 0.01","70","23","www.little-caesars-menus.us/","Jun 07"
"how many calories does a little caesars pizza have","I","70","4","0","< 0.01","170","30","www.little-caesars-menus.us/nutrition","Jun 19"
"what time does little caesars open today","I","25","6","0","< 0.01","110","26","www.little-caesars-menus.us/blog/little-caesars-near-me-hours","Jul 05"
"little+ceasars+menu","N","26","4","0","< 0.01","50","24","www.little-caesars-menus.us/","Jun 25"
"is little caesars open today","C N","17","4","0","< 0.01","720","28","www.little-caesars-menus.us/stores","Jun 28"
"little ceasars nutrition","I","52","3","0","< 0.01","170","23","www.little-caesars-menus.us/nutrition","Jun 15"
"the closest little caesars near me","T","12","3","0","< 0.01","110","28","www.little-caesars-menus.us/stores","Jun 27"
"little cesar menu with prices","N","24","3","0","< 0.01","110","25","www.little-caesars-menus.us/","Jun 04"
"slices and sticks little caesars calories","I","39","5","0","< 0.01","110","20","www.little-caesars-menus.us/item/hnr-us700484","Jun 15"
"little caesars pizza nutrition info","I","68","4","0","< 0.01","210","34","www.little-caesars-menus.us/nutrition","Jun 16"
"menu+for+little+caesars","I N","4","4","0","< 0.01","50","38","www.little-caesars-menus.us/","Jun 26"
"thin crust little caesars calories","I","54","4","0","< 0.01","70","19","www.little-caesars-menus.us/item/emb-tpep","Jun 27"
"when does little ceasers close","I","21","5","0","< 0.01","320","32","www.little-caesars-menus.us/blog/little-caesars-near-me-hours","Jun 14"
"little ceasers meny","I T","30","2","0","< 0.01","50","33","www.little-caesars-menus.us/","May 30"
"number to little caesars near me","T","62","5","0","< 0.01","40","27","www.little-caesars-menus.us/stores","Jul 02"
"little caesars in my area","N","12","4","0","< 0.01","170","27","www.little-caesars-menus.us/stores","Jun 28"
"little cesar nutrition facts","I","49","3","0","< 0.01","40","19","www.little-caesars-menus.us/nutrition","Jul 06"
"promo code little caesars 2026","T","88","5","0","< 0.01","110","30","www.little-caesars-menus.us/deals","Jul 08"
"menu de pizzas little caesars","I N","23","5","0","< 0.01","70","22","little-caesars-menus.us/","Jul 07"
"will little caesars be open tomorrow","I","13","2","0","< 0.01","40","21","www.little-caesars-menus.us/stores","Jun 24"
"little caesars oven roasted wings","I","30","8","0","< 0.01","140","20","www.little-caesars-menus.us/item/hnrs-orcw","Jul 05"
"menu+for+little+caesars+pizza","I","29","5","0","< 0.01","70","25","www.little-caesars-menus.us/","Jun 16"
"little caesars pizza specials today","I N","21","5","0","< 0.01","320","31","www.little-caesars-menus.us/","Jun 18"
"how many little caesars are there","I","72","6","0","< 0.01","210","35","www.little-caesars-menus.us/blog/little-caesars-near-me-hours","10 hours"
"how much is a little caesars","I N","14","3","0","< 0.01","50","25","www.little-caesars-menus.us/blog/little-caesars-menu-prices","Jul 07"
"little caesars in grosse pointe","I T","41","4","0","< 0.01","110","29","www.little-caesars-menus.us/stores","Jul 03"
"little caesars menu 2023","I N","14","6","0","< 0.01","260","24","www.little-caesars-menus.us/","Jun 18"
"discount little caesars","I T","74","6","0","< 0.01","40","n/a","www.little-caesars-menus.us/deals","3 days"
"discount little caesars","I T","81","6","0","< 0.01","40","n/a","www.little-caesars-menus.us/deals","3 days"
"garlic parmesan wings little caesars","I","54","8","0","< 0.01","210","22","www.little-caesars-menus.us/item/hnrs-gpcw","Jul 08"
"promo code for little caesars 2026","T","84","5","0","< 0.01","70","35","www.little-caesars-menus.us/deals","22 hours"
"little caesars menu with pictures near me","I T","19","3","0","< 0.01","90","29","www.little-caesars-menus.us/","Jun 03"
"how much sodium is in a little caesars pizza","I","60","5","0","< 0.01","90","26","www.little-caesars-menus.us/nutrition","Jul 08"
"little caesars pizza nutrition","I","53","4","0","< 0.01","1K","22","www.little-caesars-menus.us/nutrition","Jul 02"
"little caesars deals online","N T","31","5","0","< 0.01","210","43","www.little-caesars-menus.us/deals","3 days"
"little caesars deals online","N T","40","5","0","< 0.01","210","43","www.little-caesars-menus.us/deals","3 days"
"little ceaser deals","N T","40","5","0","< 0.01","880","38","www.little-caesars-menus.us/deals","3 days"
"little caesars coupons discounts promotions 2025","I T","80","5","0","< 0.01","40","36","www.little-caesars-menus.us/deals","2 days"
"little caesars allergens","I T","20","4","0","< 0.01","50","27","www.little-caesars-menus.us/nutrition","Jun 21"
"little caesars allergens","I T","24","4","0","< 0.01","50","27","www.little-caesars-menus.us/nutrition","Jun 21"
"little caesars crazy bread carbs","I","38","4","0","< 0.01","50","10","www.little-caesars-menus.us/nutrition/hnr-us700484","Jul 04"
"little caesars pizza sodium","I","56","4","0","< 0.01","90","20","www.little-caesars-menus.us/nutrition","Jul 05"
"little caesars pizza reno menu","T","44","5","0","< 0.01","90","26","www.little-caesars-menus.us/menu","Jul 06"
"little caesars hagerstown menu","I","23","6","0","< 0.01","70","25","www.little-caesars-menus.us/","Jun 19"
"little caesars menu with pictures and prices near me","N T","16","5","0","< 0.01","590","32","www.little-caesars-menus.us/","Jun 09"
"little caesars menu with pictures and prices near me","N T","18","5","0","< 0.01","590","32","www.little-caesars-menus.us/","Jun 09"